<?xml version="1.0"?>
<skin version="1.0" name="Lulu" author="LongTail Video">

	<settings>
		<setting name="backcolor" value="0xFFFFFF" />
		<setting name="frontcolor" value="0xFFFFFF" />
		<setting name="lightcolor" value="0x000000" />
		<setting name="screencolor" value="0x000000" />
	</settings>

	<components>
		<component name="controlbar">
			<settings>
				<setting name="margin" value="0" />
				<setting name="fontsize" value="14" />
				<setting name="fontcolor" value="0xFFFFFF" />
			</settings>

			<elements>
				<element name="background" src="background.png" />
				<element name="capLeft" src="capLeft.png" />
				<element name="capRight" src="capRight.png" />
				<element name="divider" src="divider.png" />

				<element name="playButton" src="playButton.png" />
				
				<element name="pauseButton" src="pauseButton.png" />
				
				<element name="timeSliderRail" src="timeSliderRail.png" />
				<element name="timeSliderBuffer" src="timeSliderBuffer.png" />
				<element name="timeSliderProgress" src="timeSliderProgress.png" />
				<element name="timeSliderThumb" src="timeSliderThumb.png" />

				<element name="muteButton" src="muteButton.png" />
				
				<element name="unmuteButton" src="unmuteButton.png" />
				
				<element name="volumeSliderRail" src="volumeSliderRail.png" />
				<element name="volumeSliderProgress" src="volumeSliderProgress.png" />
				<element name="volumeSliderThumb" src="volumeSliderThumb.png" />
				
				<element name="fullscreenButton" src="fullscreenButton.png" />
				<element name="normalscreenButton" src="normalscreenButton.png" />
				
			</elements>
			
			<layout>
			   <group position='left'>


			   </group>
			   <group position='center'>
			      <!-- <slider name='time' /> -->
			      <button name='play' />
			      <divider />
			      <button name='prev' />

			      <divider />
			      <button name='next' />
			      <divider />

			      <button name='stop' />
			      <divider />
			      <text name='duration' />

			      <divider />
			   </group>
			   <group position='right'>
			      <text name='elapsed' />

			      <divider />
			      <button name='blank' />
			      <divider />

			      <button name='mute' />
			      <slider name='volume' />
			      <divider />

			      <button name='fullscreen' />
			   </group>
			</layout>
			
			<layoutFullscreen>
			   <group position='left'>
			      <button name='play' />
			      <button name='pause' />
			   </group>
			   <group position='center'>

			   </group>
			   <group position='right'>
			      <button name='mute' />
			      <button name='fullscreen' />
			   </group>
			</layoutFullscreen>
		</component>

		<component name="display">
			<elements>
				<element name="background" src="background.png" />
				<element name="playIcon" src="playIcon.png" />
				<element name="muteIcon" src="muteIcon.png" />
				<element name="errorIcon" src="errorIcon.png" />
				<element name="bufferIcon" src="bufferIcon.png" />
			</elements>
		</component>

		<component name="dock">
			<elements>
				<element name="button" src="button.png" />
				<element name="buttonOver" src="button.png" />
			</elements>
		</component>

		<component name="playlist">
			<elements>
				<element name="item" src="item.png" />
				<element name="itemOver" src="item.png" />
				<element name="sliderRail" src="sliderRail.png" />
				<element name="sliderThumb" src="sliderThumb.png" />
			</elements>
		</component>

	</components>

</skin>